<?xml version="1.0" encoding="UTF-8"?>
<!DOCTYPE library PUBLIC "-//NetBeans//DTD Library Declaration 1.0//EN" "http://www.netbeans.org/dtds/library-declaration-1_0.dtd">
<library version="1.0">
    <name>JAX-WS-ENDORSED</name>
    <type>j2se</type>
    <volume>
        <type>classpath</type>
        <resource>jar:file:/Users/wds/Downloads/jaxws-ri/lib/jaxb-api.jar!/</resource>
        <resource>jar:file:/Users/wds/Downloads/jaxws-ri/lib/jaxws-api.jar!/</resource>
        <resource>jar:file:/Users/wds/Downloads/jaxws-ri/lib/saaj-api.jar!/</resource>
    </volume>
    <volume>
        <type>src</type>
    </volume>
    <volume>
        <type>javadoc</type>
    </volume>
    <volume>
        <type>maven-pom</type>
    </volume>
</library>
