<?xml version="1.0" encoding="UTF-8"?>
<!DOCTYPE library PUBLIC "-//NetBeans//DTD Library Declaration 1.0//EN" "http://www.netbeans.org/dtds/library-declaration-1_0.dtd">
<library version="1.0">
    <name>restlib_gfv3ee6</name>
    <type>j2se</type>
    <volume>
        <type>classpath</type>
        <resource>jar:file:/Applications/NetBeans/glassfish-3.1.1/glassfish/modules/jackson-core-asl.jar!/</resource>
        <resource>jar:file:/Applications/NetBeans/glassfish-3.1.1/glassfish/modules/jackson-jaxrs.jar!/</resource>
        <resource>jar:file:/Applications/NetBeans/glassfish-3.1.1/glassfish/modules/jackson-mapper-asl.jar!/</resource>
        <resource>jar:file:/Applications/NetBeans/glassfish-3.1.1/glassfish/modules/jersey-client.jar!/</resource>
        <resource>jar:file:/Applications/NetBeans/glassfish-3.1.1/glassfish/modules/jersey-core.jar!/</resource>
        <resource>jar:file:/Applications/NetBeans/glassfish-3.1.1/glassfish/modules/jersey-gf-server.jar!/</resource>
        <resource>jar:file:/Applications/NetBeans/glassfish-3.1.1/glassfish/modules/jersey-json.jar!/</resource>
        <resource>jar:file:/Applications/NetBeans/glassfish-3.1.1/glassfish/modules/jersey-multipart.jar!/</resource>
        <resource>jar:file:/Applications/NetBeans/glassfish-3.1.1/glassfish/modules/jettison.jar!/</resource>
        <resource>jar:file:/Applications/NetBeans/glassfish-3.1.1/glassfish/modules/mimepull.jar!/</resource>
    </volume>
    <volume>
        <type>src</type>
    </volume>
    <volume>
        <type>javadoc</type>
        <resource>jar:file:/Applications/NetBeans/NetBeans%207.0.1.app/Contents/Resources/NetBeans/enterprise/docs/jsr311-api-1.1.1-javadoc.zip!/</resource>
        <resource>jar:file:/Applications/NetBeans/NetBeans%207.0.1.app/Contents/Resources/NetBeans/enterprise/docs/jersey-client-1.3-javadoc.zip!/</resource>
        <resource>jar:file:/Applications/NetBeans/NetBeans%207.0.1.app/Contents/Resources/NetBeans/enterprise/docs/jersey-json-1.3-javadoc.zip!/</resource>
        <resource>jar:file:/Applications/NetBeans/NetBeans%207.0.1.app/Contents/Resources/NetBeans/enterprise/docs/jersey-multipart-1.3-javadoc.zip!/</resource>
    </volume>
    <volume>
        <type>maven-pom</type>
    </volume>
</library>
